tool_name,count
search,779
find_pairs_with_sum,220
sort_numbers,218
cell_density,216
find_max_subarray_sum,213
loginuser,212
calculate_standard_deviation,206
reverse_string,200
project_investment_growth,197
find_n_largest_numbers,196
binary_search,191
simulate_query_database,190
std_deviation,190
triangle_area,187
batting_average,185
california_alimony,184
is_perfect_square,184
structural_analysis,183
get_ip_zipcode,183
bacterial_growth,183
final_velocity,182
numerical_derivative,182
fibonacci,180
get_ip_location,179
merge_dictionaries,179
dice_roll_probability,179
calculate_electric_field,178
is_leap_year,175
min_meeting_rooms,174
euclidean_distance,174
calculate_median,173
calculate_grade,171
find_next_greater_element,168
fibonacci_numbers,168
find_duplicate_number,166
calculate_calorie_intake,164
can_attend_all_meetings,164
find_missing_number,163
polygon_area_shoelace,162
find_minimum_rotated_sorted_array,161
word_frequency,161
average,160
integrate,160
future_investment_value,159
binary_addition,159
find_missing_ranges,159
chi_square_independence_test,159
is_rotation,157
is_valid_sudoku,156
flatten_list,156
calculate_investment_return,156
calculate_distance,155
predict_forest_area,154
count_bits,154
linear_regression_prediction,154
split_list,152
find_peak_element,151
create_histogram,151
neuronal_activity_rate,151
find_majority_element,151
expand_around_center,150
count_occurrences,149
geocode_city,148
probability_of_consecutive_rolls,147
circle_area,147
is_valid_ip_address,146
generate_password,146
find_kth_smallest_number,146
get_range,145
project_population,143
is_valid_palindrome,143
is_anagram,142
calculate_angle,142
least_common_multiple,142
analyze_social_group_dynamics,140
draw_cards,139
longest_common_prefix,138
is_palindrome,138
get_pokemon_move_info,138
calculate_factorial,138
merge_sorted_lists,138
is_valid_parentheses,137
note_duration,137
greatest_common_divisor,136
is_hotel_available,136
solve_quadratic,136
is_sum_of_cubes,134
find_first_non_repeating_char,133
get_holidays_by_year,133
is_power,133
generate_random_string,133
cagr,130
calculate_quarterly_dividend,129
reverse_words,129
is_valid_email,127
permutation_count,127
is_power_of_two,126
is_anagram_phrase,126
predict_evolution_rate,125
trapezoidal_integration,125
cosine_similarity,124
potential_energy,124
calculate_age,123
count_vowels,123
is_prime,123
get_city_from_zipcode,123
factorial,122
format_date,121
convert_cooking_measurements,121
find_equilibrium_index,120
remove_duplicates,118
matrix_multiply,118
find_longest_word,117
mean_confidence_interval,117
compound_interest,117
reserve_hotel_room,116
wire_resistance,116
density,115
find_longest_palindromic_substring,115
place_safeway_order,114
monthly_mortgage_payment,113
is_armstrong_number,111
calculate_order_total,110
assess_diabetes_risk,109
displacement,107
independent_samples_t_test,104
get_dna_sequence,103
find_files,100
get_product,94
get_order,94
measure_distance,93
is_subset,92
auto_complete,91
calculate_card_game_probability,91
whole_foods_order,90
get_products_in_category,90
prime_factorization,90
directions_between_2_locations,88
whois,88
light_travel_time,82
get,82
investment_profit,80
getorderbyid,76
drawing_by_date,72
binomial_probability,71
getpetbyid,71
obd2_code,67
max_points_on_line,65
emailvalidation,64
getnews,64
airplanes_by_brand,63
getlearningresources,63
getuserbyname,62
get_countries,60
validate_email,60
latest_rates,60
top_headlines,58
facilities_lookup,58
time_zone_api,56
products_get_reviews,56
latest,56
geocode,56
details,56
get_radio_playlist,55
product_offers,55
title_v2_get_business,54
title_get_technical,53
get_articles,53
main_endpoint,53
convert,52
vivanews_detail,51
ip_lookup,51
get_products,50
industry_list,50
results,50
matchdetails,49
billboard_hot_100,49
get_by_id,49
video_comments,47
products_search,47
albums_get_related_artist,47
check,47
autocomplete,47
title_details,47
get_news,46
tmall_search_by_keyword,46
get_user_info,46
catalog_albums,45
health,45
artist_albums,45
countries_detail,45
products_detail,45
image_search,44
get_regions,44
get_sample_userprofile,43
time_series,43
language_by_id,43
matchschedules,42
convert_hsl,42
products_list,42
searchjobs,42
artist_100,41
product_reviews,41
science,41
order_by_descending,41
get_genres,41
theme_detail,41
email,41
get_analysis,41
title_seasons,40
getimage,40
translate,40
cnpj,39
title_get_parental_guide,39
account_transaction_history,39
trip_details,39
get_geo_location_of_ip_address,39
independent_albums,39
categories_list,38
search_suggestions,38
go,38
playlist_details,38
product_id,37
getpeople,37
get_all_kfc_locations_by_state,37
qr_code,37
categorytournaments,37
summary,36
video,36
order_by_ascending,36
copyright_free_images_api,36
download_chains,36
get_user_playlists,36
search_news,35
getfutureevents,35
generate,35
cpf,35
web_search,35
get_all_images_of_an_collection,35
video_details,35
fixtures_by_date,35
popular_posts,35
origin,35
property_details,35
get_types,35
get_search_user,34
market_trends,34
get_video_urls,34
continents,34
products,34
channel_details,34
teammedia,34
get_id,33
get_breed_information,33
stores,33
get_case_by_id,33
shows_id,33
label_templates,33
by_zip_code,33
get_character_by_id,33
trending,33
innings_cricket,32
route_information,32
v1_hobbies,32
search_searchterm,32
all_songs_from_artist,32
spac_price_targets,32
getallcountry,32
artist_singles,32
shazam_songs_get_details,32
uniquestageimage,31
get_user_profile,31
single_contest,31
languages,31
get_models,31
reverse_geocode,31
read_user,31
v2_auto_complete,31
get_product_detail,31
match,31
recommend,30
getmediumquestion,30
get_1688_product_detail,30
stores_list,30
fixtures,30
daily_match_list_all,30
postcodes_postcode,30
reverse_geocoding,30
countries,30
newlyregistereddomains,30
products_search_by_barcode,30
earnings,30
get_synonyms,30
get_random_challange,29
stock_get_five_yr_avg_div_yield,29
product_categorization,29
navigations_get_tabs,29
get_card_by_slug,29
stockprice,29
get_artist_s_albums,29
us_license_plate_to_vin,29
stock_get_stock_price,29
getresult,29
current_block_number,29
market_auto_complete,29
similar_hashtags,29
get_coin_modifiers,29
list_of_room_types,29
item_by_id,29
sources,28
historical,28
get_cities,28
search_for_any_category_or_star,28
transactions,28
timezone,28
stores_get_details,28
random,28
stochrsi,28
product_details,28
stock_recommendation_trend,28
prematchform,28
generate_uuid,28
local_weather_api,28
top_players_by_matchmaking,28
check_for_disposable_emails,28
staffs_get_short_info,28
memre_api_v1_readiness,28
list_folder_contents,28
resort_view,28
get_latest_article_list,28
random_meme,28
t3ma,27
difficulty,27
profile,27
get_all_kfc_locations_by_state_and_city,27
get_place_by_id,27
get_stations,27
latest_news,27
getdivision,27
get_followers_by_username,27
get_comments_from_product_id,27
display_entities,27
getgender,27
specifications_by_year_make_model,27
read_group,27
detailed_food_recipe_by_id,27
mlem_id,27
cities,27
recitations_by_chapter_number,27
airports_direct_routes_for_an_airport,27
ticker,27
statistics,27
search_pins,27
genderify_v3,27
get_matches_on_a_specific_date,27
tweet_detail_conversation,26
channel_playlists,26
options_prices,26
v1_whois,26
currency_news,26
tags_trending,26
search_by_centre_zip_and_radius,26
get_by_origin,26
get_channel_points_context,26
by_geographic_coordinates,26
earnings_history,26
findbypincode,26
custom_dice,26
get_call,26
extract,26
get_5_year_historical_monthly_prices,26
get_all_players,26
new_releases,26
search_user,26
getplatformlist,26
download_stream,26
praise,26
get_result_by_date,26
getqrcode,25
stays_properties_detail_photos,25
get_station_information,25
get_all_organizations_environment_admin,25
user_by_id,25
info,25
market_get_movers,25
get_administrative_divisions,25
v1_babynames,25
get_count_and_increase_by_one,25
zappos_search_product,25
categories,25
getproductbyname,25
hashtag_info,25
historical_rates,25
query_for_city_boundary_by_city_name,25
quote_get_option_fundamentals,25
crimes_with_no_location,25
racecards,25
getevents,25
posts,25
auto_complete_deprecating,24
games_esports,24
market_capitalization,24
getcompanies,24
get_quote_by_year,24
earnings_trend,24
check_a_url,24
memre_api_v1_study,24
events,24
bmi,24
get_username_point_blank,24
history,24
get_a_specific_champion_s_base_stats,24
consulta_empresa,24
navigations_get_node_content,24
song_info,24
get_futured_playlists,24
getpastevents,24
list_of_hotel_types,24
getrandompassword,24
search_autocomplete_api,24
get_biden_articles_from_specific_newspaper,24
search_by_genre,24
options_historical,24
hsl_to_rgb,24
listoforders,24
sticker_search,24
contacts,24
forex_pairs_list,24
random_mlem,24
ideas_detail,24
getcommunities,24
channel_shorts,23
location,23
playlist,23
get_hourly_forecast,23
data_breach_checker_endpoint,23
get_single_user,23
get_fonts,23
community_post_details,23
list,23
yh_historical,23
get_channels,23
group_breed_data_by_property,23
get_10_year_historical_quarterly_prices,23
all_coins_ticker,23
similar,23
crypto_exchanges,23
findplacesnearby,23
super_lig_standings,23
get_place_by_ip,23
text,23
domain,23
retrieve_proxy_information,23
fetch_latest,23
search_for_creators,23
get_hsn_tsn,23
detail_info,23
v1_celebrity,23
amenities,23
venuedetails,23
analysis,23
ayah_recitations,23
get_1_shoot_thumbnail,23
query_horses,23
key_metrics,23
vimeo,22
v1_trivia,22
autosuggest,22
get_all_kfc_locations,22
player_latest_media,22
get_raids_by_level,22
searchinventory,22
nhl_box_score,22
sticker_roulette,22
concerts,22
stock_news,22
fetch_details_of_multiple_records,22
tournament_list,22
get_district_capital_by_name,22
fetch_by_type_and_region,22
salvagecheck,22
originals_genres_list,22
all_strains_descending,22
phone_number,22
expiry_date_enquiry,22
taobao_search_by_keyword,22
advanced,22
get_by_climate,22
specific_skin,22
inn_general_director,22
exact_url_non_english,22
ln,22
downloadscreenshot,22
image_stable_prompter,22
youtube_search,22
specific_giveaway_details,22
spellout,22
video_subtitles,22
get_highlight_item,21
competitions_id,21
rental_settings,21
user_search,21
get_all_posts,21
get_movies_by_cast_name,21
sentence,21
v1_iplookup,21
options,21
webcams_list_limit_limit_offset,21
get_equity_latest_data,21
getproductsku,21
movie_details_json,21
search_books_by_name,21
today,21
specifications_by_group,21
air_quality_forecast,21
chat,21
suggestqueries,21
stock_get_stock_historical_price_data,21
stock_get_daily_low,21
quote_get_margin_requirements,21
block,21
bus_trolley_schedules,21
logs,21
seasonendconstructorstanding,21
billboard_global_200,21
get_2_thumbnail_ready,21
get_quotes_by_specific_author,21
news_latest_page,21
time_series_endpoint,21
get_anime_detail,21
smart_phones,21
basic_search,21
v1_sticker_sticker_id,21
reels_downloader,21
runner_up,21
capture_screenshot,21
search_for_a_product,21
get_u_54_athlete_ranking,21
label_sizes,21
baseball_league_rankings,21
game_odds_by_category_schedule,21
random_profiles,21
news_list,21
followers_by_username,21
get_all_bodies_positions,20
get_user_pins,20
product_by_id,20
balance_sheet_statement,20
get_awesome_product_details,20
players_at_position,20
getstats,20
tournament_list_wta,20
label_template_brands,20
list_weekly_top_albums,20
consumer_phone_search,20
get_user_info_by_user_id,20
update,20
get_litecoin_block_hash,20
ip_address,20
image_generation_endpoint,20
generate_a_qr_code_image,20
tournaments,20
download_video_or_reel,20
countries_list,20
air_quality_history,20
v1_jokes,20
models_by_make,20
artist_overview,20
get_specific_climate_change_news,20
get_campaign_lead_from_id,20
author_author,20
numerology,20
defaultroot,20
user_followers,20
tiktok_url_shortener,20
video_search,20
business_phone_search,20
qrcodepro,20
url,20
mfs_list,20
matchmaking_matches,19
getlistings,19
get_item_by_id,19
performance_stats_for_past_predictions,19
company_balance_sheet,19
actors_random,19
get_all_servers,19
politician_goverlytics_id,19
coins_search,19
camelizer_get_prices,19
webcams_list_continent_continent_continent,19
software_assets,19
free_ofac_api,19
verify_plate_number_location,19
vivanews_search,19
full_info_with_url,19
categoryflag,19
reversegeocode,19
get_brandlist_by_siteid_zappos_1_6pm_2,19
custom_dice_rolls,19
codes,19
geocodingsearch,19
get_states,19
nearest_metro_station,19
properties_get_facilities,19
token_id,19
stock_get_stock_profile_data,19
current_weather_data_of_a_location,19
searchfollowers,19
getlensitem,19
get_ip_information,19
getlatestbyedinetcode,19
pluses_and_minuses_of_the_car,19
match_boxscore,19
translation,19
balansheet_financials,19
forecast_weather_api,19
consulta_estabelecimento,19
get_country_details,19
co2_emission,19
search_product,19
paragraph,19
get_cigar_average_length,19
additional_title_details,19
leaguehometeamevents,18
users,18
followers,18
music_posts,18
get_user_feed,18
get_definitions,18
symbols_press_releases,18
get_railway_period_for_utc_date,18
properties_get_broadband,18
get_list_of_top_level_domains,18
get_champions,18
zipcode_by_city,18
email_id,18
getlatestbysecuritiescode,18
text_sentiment_analysis,18
list_of_hotel_chains,18
schedule,18
getlearningresourcesbytopic,18
get_daily_domains,18
eventstatistics,18
get_all_companies_paginated,18
get_random_named_color,18
v1_airlines,18
select_race_based_on_race_number,18
horse_stats,18
v3_auto_complete,18
get_vehicle_information,18
view_song_copy,18
country_location_api,18
tsv4,18
mailcheck,18
get_individual_quotes_by_quote_id,18
search_by_keyword,18
get_web_detection,18
nsfw_image_classification,18
matchh2hduel,18
shazam_songs_list_similarities,18
postalcode,18
get_home_page_overview,18
search_web,18
stats_performance,18
get_signals,18
read_vault_by_name,18
generate_qr_code,18
transliterate_any_to_latin,18
get_dns_records,18
queue,18
stories_list,18
stickers_trending,18
oldsort,18
open_high_low_close_ohlc_price,18
job_salary,18
detail,18
sticker_trending,18
channel,18
mileages,18
stock_price,18
nal_query,18
air_quality_forecasts,18
ip_geolocation,18
flame,18
dribbble,18
communes_par_code_commune,18
gera_vis_o_da_rua,18
get_company_data_by_linkedin_url,18
ev,18
dad_jokes_search,18
attribute_overviews,18
shopify_store_products,18
spac_top_10_rankings,18
specifications_by_make_model,18
v1_exercises,18
get_channel_goals,18
symbols_suggested,18
uuidv3_generator,18
product_data,18
wrt_transformer,18
search_for_region,18
autocomplete_cities,18
classify,18
album_tracks,17
get_3_month_historical_daily_prices,17
getlistbysecuritiescode,17
getsamples,17
getallquotes,17
get_supported_coins_handler,17
ott_providers,17
theaters_list,17
ip_reputation,17
get_all_details,17
gethistoricalscoresbyyear,17
find_by_postcode,17
get_company_by_domain,17
stock_cashflow_statement,17
teamnearmatches,17
get_tracks,17
postcodes,17
provider1_live_match_id,17
emailfinder,17
get_a_conversation_turn,17
models_by_make_id_year_category,17
get_stores,17
eredivisie_standings,17
get_random_question,17
get_specific_dessert,17
primeira_liga_standings,17
us,17
supply_chain,17
article_index,17
bus_trolley_routes,17
feedbacks_id,17
search_keto_recipe,17
webcams_list_category_category_category,17
ip_lookup_api,17
verify_email,17
get_3_summary,17
search_title,17
get_data_and_story,17
drivers,17
bundesliga_standings,17
iceland_songs,17
billboard_200,17
email_verifier,17
team_list,17
ticker_per_symbol,17
sign_info,17
get_trivia_fact,17
bodies,17
symbol_strength,17
town,17
more_from_author,17
jokes,17
fixtures_by_series,17
maxindex,17
get_brands,17
social_media_caption,17
stock_quotes,17
search_b,17
getsearchresults,17
reverse,17
drawings_between_dates,17
get_jokes,17
v1_animals,17
artist_related,17
v1_vinlookup,17
wnba_standings,17
get_info_user,17
tour_rankings,17
medias,17
search_video_list_by_keywords,17
get_all_coins_prices,17
get_gifs_by_id,17
by_location,17
card,17
screenshot_endpoint,17
get_feed_video_list_by_region,17
timezone_for_location,17
qrcode,16
choice_endpoint,16
filter_and_query_naics_description,16
states_search,16
motivation_quote,16
autocomplete_search,16
user_info,16
avatar,16
tirto_search,16
gettotalsolved,16
downloadoptimize,16
dashboard,16
season_wins_leaderboard_mw_2,16
upcoming,16
new_arrivals,16
search_by_name,16
gamebans,16
search_restaurants_by_local_authority,16
stock_index_trend,16
daily_forecast_5_days,16
hotel_photos,16
fetch_by_region,16
us_az,16
getuservideos,16
kanji_english_meaning,16
new_titles,16
xyz_map_tiles_for_ocean_conditions,16
get_cities_in_a_country,16
races,16
veiculo_tipo_id_marca,16
historic_event_by_year,16
retreive_collections,16
getvideodetails,16
artist_discovered_on,16
list_of_room_facility_types,16
getrank,16
v1_city,16
originals_episodes_get_info,16
get_by_imdb_id,16
list_of_countries,16
movies_get_opening,16
exchange,16
qr_endpoint,16
last_menstrual_period_lmp,16
read_text,16
game_lookup,16
get_the_latest_remote_jobs,16
get_wind_speed,16
get_pin_info,16
transactions_feed,16
trending_tags_from_country,16
series_get_venues,16
artist_discography_overview,16
get_trip_plan,16
detection_of_plates_and_faces,16
downloadminecraftjar,16
get_train_data_mrt_id_id_get,16
rgb_to_hsv,16
getwebsite,16
locations_v2_search_deprecated,16
subtitles,16
stock_get_stock_quote_type_data,16
airport_search,16
get_field_and_field_invite_id,16
v1_qrcode,16
generate_qr,16
cci,16
about_channel,16
get_user_id_by_username,16
get_watches_by_brand_family_model,16
get_date_and_time_by_city,16
actors_get_interesting_jobs,16
movies_get_dvds,16
video_videoid,16
verify_the_existence_of_email,16
match_details_by_id,16
v1_exchangerate,16
video_post_comments,16
company_cash_flow,16
checker,16
get_artists,16
verify,16
random_crypto,16
autocomplete_places,16
fan_rating,16
specific_transactions,16
steps,16
fetch_by_type,16
group_profile,16
v1_cars,15
royal_matches,15
user_by_rest_id,15
get_hashtag,15
get_vehicle_models,15
get_pokemon_data_by_name,15
regular_dice,15
news_source,15
constructors,15
bus_detours,15
keyword,15
user_timeline,15
getdownloadurl,15
vin_decoder,15
kompas_detail,15
t2g_kurs_check,15
address_autocomplete,15
main,15
ski_weather_api,15
gameslist,15
trending_challenges,15
get_ecoindex_analysis_list_version_ecoindexes_get,15
market_undervalued_large_caps,15
search_exchange,15
get_amazon_product_details,15
dns_lookup,15
downloadmovie,15
onpage_seo_analyze,15
v1_dogs,15
search_for_channels,15
get_comments_with_product_id,15
result,15
user_followers_list,15
latest_sold,15
get_specific_country,15
namebydomain,15
get_currency,15
get_coin_price_difference,15
getrandom,15
chart_by_id,15
inbox,15
get_specific_pizza,15
shares_float,15
mensajes_2,15
domain_reputation,15
analysis_list_deprecated,15
actors_list_born_today,15
get_chat_restrictions,15
live_giveaways_by_platform,15
retrieve_audio_file,15
api_whois,15
search_content,15
trending_videos,15
v1_sentiment,15
get_4_date_endpoint,15
geteasyquestion,15
get_date_fact,15
replace,15
airport_info,15
generate_wallet,15
airports_nonstop_routes_for_an_airport,15
us_ar,15
tsv1,15
recent_unique_tournaments,15
getquestionsbyexam,15
alerts_parameters,15
radical_stroke_number,15
calculate_grid_coordinate_points,15
get_wisdom_quotes_by_topic,15
query_for_distance_between_two_h3_indexes,15
estimates,15
v1_category,15
get_information_of_a_particular_post,15
youtube_topviews_year,15
chat_gpt_detector,15
ip_locator,15
daily_predictions,15
getpostcode,15
dividends,15
get_tiktok_video_info,15
us_al,15
matchmanagers,15
genderize,15
count,15
live_room_bio,15
query_for_ldu_boundary_by_h3index,15
movies_get_upcoming,15
v1_planets,15
tirto_detail,15
get_an_answer_to_your_question,15
get_score_by_id,15
get_all_restaurant_locations,15
tennis_match_statistics,15
category_tags,15
games_by_platform_category_sorted,15
tsv2,15
get_user_favorite_videos,15
lines_line,15
markets,15
leagueshotactionsareasregularseason,15
single_cat_breed,15
listofallconstructorswithinaraceinayear,15
get_4d_results,15
locationsuggestions,15
stagecompetitorstandings,14
facebook_ad_copy,14
pitstopdataforarace,14
search_team,14
get_data_entity_uid,14
following_by_username,14
random_company,14
get_scores_for_given_date,14
marks_men_points,14
by_source_new,14
short_ticker,14
get_ip_data,14
get_by_tmdb_id,14
titles_with_changed_episodes,14
billboard_global_excl_us,14
prematch,14
matchodds,14
v1_worldtime,14
properties_detail,14
statessearchinradius,14
cities_get_information_deprecated,14
get_addresses,14
love_quote,14
city_list,14
autocomplete_zipcodes_zip4,14
agent_details,14
define_a_word_search,14
get_label_detection,14
weather_statistics,14
transcripts_list_deprecated,14
india_songs,14
related_artists,14
get_channel_description,14
getallgames,14
get_vector_tile,14
local_osm_v1_z_x_y_png,14
get_time_zones,14
get_users_detail_info,14
upvote_riddle,14
v1_cocktail,14
get_all_users_paged_by_hundreds,14
simple,14
rgb_to_hsl,14
test_app_deepfry_get,14
flag_riddle,14
latest_articles,14
domain_seo_analysis,14
symbols_get_option_expirations,14
get_math_fact,14
nearest_place,14
tokens,14
quote,14
baseball_match_statistics,14
getteam,14
getgroups,14
extract_fast,14
keto_recipes_by_difficulty,14
menudetails,14
news_v2_list_by_symbol,14
get_from_1337_x,14
team_recent_form,14
top_news,14
v1_helicopter,14
daily_match_list_live,14
competitions,14
v1_urllookup,14
latest_vessel_position,14
convert_url_to_image,14
pet_pet,14
video_post_metadata,14
market_most_actives,14
ideas_get_comments,14
getstandardmaptile,14
getesgnews,14
v1_loremipsum,14
hashtag_data_by_name,14
multi_search,14
alerts_active_region_region,14
get_2_mensagens_do_chat_chat_message,14
getstatsbyyear,14
autocomplete_localities,14
getdetails,14
tema,14
district_detail_and_coordinates_of_specific_division,14
user_tweets_replies_by_screen_name,14
tsv,14
city_data,14
get_plus_one,14
get_ios_app,14
flag,14
currency_time_series,14
produce_mixy_words_list,14
random_skin_from_class,14
get_posts_from_category,14
get_role_ids,14
us_ga,14
v1_textlanguage,14
esg,14
commune_par_nom,14
music_metadata,14
get_all_family_by_brand_name,14
title_title,14
ip_geolocation_lookup,14
section_list,14
artists_get_top_songs,14
is_holyday,14
constructor_standings,14
greatest_of_all_time_songs_of_the_summer,14
revenue_estimate,14
search_torrents,13
search_results,13
get_profile_series,13
constructorstandingsafterarace,13
vin_decoder_lite,13
channel_videos,13
get_status_cat_image,13
getforecastweather,13
infobox,13
overview,13
stock_earnings,13
qr_code_image,13
stock_time_series,13
home_team_last_10_matches,13
get_latest_current_block,13
bolivia_songs,13
get_charades_word,13
search_patent,13
get_all_advisories,13
getproductbycategory,13
basketball_match_statistics,13
companies_id_events,13
get_article_by_sid,13
retrieve_file,13
get_directions,13
world,13
vehicle_market_value_by_vin,13
judget0,13
gettotalactivedays,13
global_search_by_query,13
igtv,13
get_session_messages,13
shotmap,13
get_5_day_forecast,13
get_random_quote,13
numbers_translator,13
get_vehicule_info,13
v1_sticker,13
summary_details,13
get_search_keyword,13
get_song_related,13
get_podcast_metadata,13
lookup_coordinates,13
discover,13
getbarcode,13
minus_di,13
user_login,13
nearby_superchargers,13
author,13
search_image,13
have_a_chat_with_our_bot,13
result_statistics_goals,13
google_fake_autocomplete,13
is_a_coordinate_water,13
get_global_stats,13
search_wikipedia,13
forex_quotes,13
get_all_latest_nba_articles,13
random_post,13
clubs_list_by_competition,13
retrieve_owners,13
get_voice,13
getrandomarray,13
sticker_translate,13
search_on_ebay,13
advance,13
get_media_info_by_url,13
getmaxstreak,13
typical_price,13
artist_appears_on,13
fresh_potential_gems,13
redeploy,13
business_search,13
song_download,13
hourly_forecast_48_hours,13
free_access,13
movies_get_popularity,13
search_jokes,13
airportstatistics,13
image_convert,13
get_job_details,13
domain_data,13
list_of_archive_events,13
top_labels,13
get_fare,13
fights,13
currency_options,13
v_card_qr_code,13
get_user_highlights_tray_by_user_id,13
get_zip_code_info,13
onyomi_reading,13
get_callback_url_status,13
kunyomi_reading,13
getbookcoverurl,13
stock_get_annual_avg_div_yield,13
i18nlanguages,13
alerts,13
detailed_cake_recipe_by_id,13
draw_date_listing,13
video_recommendation,13
models,13
view_item,13
get_player_details,13
get_token_forwarding_wallets,13
random_crypto_by_id,13
sports_api,13
single_country,13
name_to_uuid,13
carbonfootprintfrompublictransit,13
ideal_weight,13
collection,13
license_plate_lookup,13
word,13
fetch_company_details,13
get_images_by_productid_siteid_zappos_1_6pm_2,13
shipping_id,13
search_cars_locations,13
latest_retrieve_selected_160_symbols,13
getmeaning,13
channel_channels,13
search_filters,13
commonports,13
engines,13
real_time_price,13
behence,13
random_bank_by_id,13
using_path_parameters,13
spac_calendar,13
scrape_contacts_from_website,13
player_data,13
real_time_user_search,13
artists_get_details,13
hashtag_feed_video_posts_v2,12
ligue_1_standings,12
language_list,12
getprojects,12
fish_api_fish_name,12
get_a_specific_picture,12
regular_dice_rolls,12
csw21,12
get_weather_updates,12
quotes_get_mashup,12
search_country,12
search_countries_by_continent,12
getpercentage,12
get_litecoin_block_by_hash_or_height,12
search_restaurants_by_town,12
stock_company_overview,12
estimate_market_value,12
user_follower_list,12
measure_distance_reverse,12
market_aggressive_small_caps,12
ultosc,12
searchdomain,12
generate_recipe,12
get_webhooks,12
serie_a_standings,12
en_map_v1_z_x_y_png,12
role_account,12
companies_id_financials,12
questionnaire_sentino,12
view_all_food_items,12
getdefinition,12
parse,12
validate_cpf_number,12
get_a_specific_item,12
current,12
retrieve_user,12
search_hashtags,12
get_mempool_v2,12
feriados_dos_estados,12
protocol,12
ideal_body_weight,12
get_related_video_with_keywords,12
get_the_market_calendar,12
images,12
listing_status,12
get_the_mx_records,12
categorize_job_title,12
get_birthday_draws,12
retrieve_compensation,12
country_by_iso_code,12
coins_list_pairs,12
v1_riddles,12
d_die,12
nearest_airport_from_postal_code,12
player_statistics_seasons,12
get_cities_by_filter,12
bp_par_localite,12
convert_hex,12
get_all_food,12
domain_analysis,12
take_image_screenshot,12
topic,12
getrandomuser,12
partenaire_par_id,12
fixtures_and_results_by_team,12
get_by_latin_name,12
multiple_guids,12
skill_rating_mw_2_ranked,12
a_chapter_by_its_slug,12
songs_v2_get_details,12
ean13,12
stock_balance_sheet_stock,12
get_price_by_styleids_and_siteid_zappos_1_6pm_2,12
get_host_language_filters,12
webcams_list_orderby_order_sort,12
random_address_by_id,12
walk_transit_and_bike_scores,12
traditionalhydrotocarbonfootprint,12
sentiment_analysis,12
crime_categories,12
shopify,12
get_by_category,12
get_coupons_endpoint,12
rapidapigetforecasthourlybycoordinates,12
find_favicon,12
tourism_allcountries,12
series_list_archives,12
getmatchbywinner,12
review_filters_list,12
vehicles_models,12
post_count,12
domain_check,12
asset,12
get_style_json,12
most_expensive,12
competitions_scorers,12
teamlastevents,12
email_extractor,12
get_airline_details,12
blogs_by_category,12
retrieve_aggregated_loan_offers,12
get_2_year_historical_quarterly_prices,12
cinemas_id_showtimes,12
get_channel_panels,12
carbonfootprintfrommotorbike,12
get_zip_code_detail,12
realtime_weather_api,12
trend_id,12
provider2_live_match_id,12
headphones,12
get_airport_details,12
specificcolorset,12
playerdetails,12
dna2mrna,12
topic_topic,12
totd_tracks_by_page,12
resources_allcontries,12
stock_calendar_events,12
token,12
search_agents,12
get_joke_of_the_day_by_category,12
email_validate_regex,12
real_time_information,12
v1_randomword,12
get_the_timezones,12
astronomy_api,12
verse_verse,12
getproducts,12
get_status,12
address,12
daily_sentiment,12
get_extra_character_details,12
nitrous_endpoint,12
filter_group_giveaways,12
search_countries_by_idd,12
side_dish_ingredient,12
event_managers,12
comments,12
get_ip_geolocation,12
recitations_by_page_number,12
cpfobliterado,12
get_city_by_id,12
stock_symbols,12
songs,12
get_host_list_version_hosts_get,12
market_get_compact,12
articles_v2_list_trending,12
dinotest,12
us_de,12
teamimage,12
tweet_details,12
whois_lookup,12
get_session_info,12
fastest_laps_result,12
screeners_details,12
directory,12
retrieve_data,12
competitions_matches,12
fx,12
ocean_conditions_closest_to_latitude_longitude,12
get_by_tvdb_id,12
reversegeocoding,12
playlist_info,12
get_records,12
insult,12
youtube_video_details,12
basic_info,11
availability,11
check_1_param,11
players_photo,11
music_search,11
location_search,11
activities,11
get_player_info,11
income_by_zipcode,11
nationalize,11
get_all_predictions,11
prediction_details,11
keyword_search_with_ranking,11
company_income_statement,11
titles_id_main_actors,11
metadata,11
listpornstars,11
getcity,11
countpages,11
io,11
mass_messages,11
get_recipe_by_id,11
v1_recipe,11
getpagespeed,11
agents_get_profile,11
historical_exchange_rates,11
forward_geocode,11
aliexpress_item_description,11
get_php,11
actors_get_all_filmography,11
v1_motorcycles,11
pull_track,11
list_all_bot_category_groups,11
fetchdividends,11
yearly_income_statements,11
search_all_words_api,11
get_amazon_search_results,11
schoolname,11
currencies_list,11
drivers_standings,11
provider3_live_match_id,11
pitstop_summary,11
getmessage,11
get_price_history_by_id,11
get_sign_prediction_for_today_by_name,11
get_user_favorite_list,11
entry_list,11
market_growth_technology_stocks,11
latest_spac_deals_ipos_closings,11
generate_avatar,11
hourly_forecast,11
stock_get_financial_stmts,11
video_info,11
url_metrics,11
getchapter,11
tournament_results_by_id_and_year_wta,11
listofallcircuitswithinaraceinayear,11
lines_line_abs,11
download,11
get_postal_codes_by_id,11
stock_v2_get_price_fair_value,11
blocks,11
get_last_5_news,11
challenge,11
video_data,11
get_balance,11
get_holidays,11
get_content,11
breed_type,11
get_device_asset_by_identifier,11
daily,11
user_highlights_list,11
race_detail_info,11
memre_api_v1_concepts_id,11
school_detail,11
getprofilebyuserid,11
stock_get_financials,11
tax_rate,11
title_cast_crew,11
roll,11
og,11
getscreen,11
coins_get_fullsize_chart,11
get_5_day_3_hour_forecast_data,11
news_list_top,11
advanced_search,11
explore,11
v4_sports,11
get_car_versions,11
getuserbyid,11
get_the_awarded_books_of_a_year,11
leaguepowerrankingrounds,11
search_wikihow,11
matchvotes,11
full_stock_price,11
get_by_trakt_tv_id,11
locations,11
rental_availability,11
get_airport_details_by_code,11
livetraffic,11
get_product_s_reviews,11
basic_phone_number_validation,11
players_185_225_233_110_30015,11
equity_earnings,11
product_search,11
get_from_yts,11
get_range_of_verses,11
listar_todos,11
brands_detail,11
get_anime_by_id,11
map,11
get_calculate_investment,11
driving_directions,11
stock_get_daily_dividend_data,11
teams_list,11
user_profile,11
ufc_fight_night_holloway_vs_allen_april_15_2023,11
get_airplane_details,11
verify_the_captcha,11
get_cci_by_number,11
get_gas_fee_funding_wallets,11
camelizer_get_price_chart,11
bullish_engulfing,11
webcams_list_bbox_ne_lat_ne_lng_sw_lat_sw_lng,11
business_photos,11
get_channel_broadcaster_type,11
eps_revisions,11
rate_by_id,11
v4_sports_sport_odds,11
getfavouriteschamps,11
video_search_api,11
update_level,11
retrieve_rewards,11
google_images,11
fertility_window_get,11
metric_kilograms,11
get_movie_images_by_id,11
items,11
get_taboo_words_from_word,11
get_transaction_v2,11
get_playlist,11
cards,11
get_domaine,11
get_details_by_asn_number,11
user_lookup,11
basketball_search,11
get_user_data,11
recipes_by_author,11
artist_featuring,11
get_media_download_link,11
ideas_list,11
get_country_info,11
listallcountries,11
eventgames,11
hosts_txt,11
web_chain_details,10
list_titles,10
get_post,10
getrandommovie,10
actors_list_most_popular_celebs,10
net,10
get_user_follow_list,10
canvas_genres_list,10
fixtures_by_team_by_season,10
web_candles,10
titles_random,10
match_scorecard,10
get_a_specific_item_by_id,10
my_images_by_id,10
take_screenshot,10
tag_news,10
by_category,10
get_emails,10
exchange_range,10
symbols_faq,10
gstin,10
mini_chart,10
competitions_standings,10
vehicle_attributes,10
get_dm_conversations,10
user_metadata_information,10
binance_charts,10
tsv6,10
stock_net_share_purchase_activity,10
playlist_posts,10
news_v2_list_trending,10
hot_100_songs,10
pastry_ingredient,10
get_stations_within_1_km,10
managerlastmatches,10
product_category_list,10
nearby_arcgis,10
getpatient,10
document,10
top_artists_male,10
doji,10
routing,10
get_distance_by_city_state_country,10
nhl_summary,10
product_groups_list,10
get_match,10
search_php,10
stock_get_yearly_high,10
bulkgenerateguids,10
get_user_posts,10
get_specific_dog_breed,10
advanced_phone_number_lookup,10
get_user_dialog_string,10
match_embed_link,10
api_tracking,10
competition_image,10
email_validate,10
generate_document_resume,10
get_team_info,10
v1_airquality,10
hsl_to_hex,10
get_coin_exchanges,10
extract_info,10
top_athletes,10
links_finder,10
house_prices_estimate,10
teamdetails,10
superfund_search,10
rapidapigethourlyforecastbylocationname,10
business_reviews,10
artists_get_summary,10
earnings_revisions,10
album_metadata,10
retrieve_a_contract,10
radical_position,10
repost,10
get_city_by_filter,10
schools_list,10
count_listings_by_market,10
business_delta,10
stopwords,10
form5500_planname,10
get_wisdom_quotes_by_page,10
getfeedversions,10
lists_details,10
girl_groups,10
locations_v3_search,10
getcurrentbyvaluegrowthmomentum,10
exists_exists_ticket_get,10
get_liquidity_value,10
entreprise_par_rid,10
get_property_type_filters,10
playlist_videos,10
get_coverage,10
getrandomsolution,10
getchanneldetails,10
query,10
title_get_sound_tracks,10
gettechdomains,10
get_team_win_data,10
get_play_by_play,10
random_skin_from_weapon,10
rulesets,10
get_user,10
upc_api,10
locations_auto_complete_deprecated,10
top_paid_ipad_apps,10
rsi_oversold,10
laliga_standings,10
captcha_generator,10
rocr,10
seasonal_statistics_quarter_analysis,10
list_user_followers,10
blockit,10
range,10
generate_a_face,10
profile_publications,10
list_target_languages,10
get_companies_by_sic_code,10
get_humidty,10
zappos_product_detail_by_product_id,10
options_stock,10
aliexpress_item_detail_2,10
schedule_date,10
live_fantasy_score,10
dns,10
data,10
world_coordinate_to_income,10
get_long_url,10
stock_sec_filings,10
trainers_win_rate,10
autocomplete_zipcodes_lite,10
people_id,10
count_of_days,10
top_backlinks,10
ideas_get_replies,10
get_a_specific_remote_job_by_id,10
v1_validatephone,10
unfurl,10
user_tweets,10
schools,10
reviews_list,10
get_schema_by_name,10
business_units_get_web_links,10
check_email,10
retrieve_buy_sell_informations_by_id,10
history_prices,10
ufc_fight_night_pavlovich_vs_blaydes_april_22_2023,10
echo,10
get_year_fact,10
get_hillshading_tile,10
resources_per_country,10
find_zip_codes_by_city_and_street,10
rgb_to_cmyk,10
stock_v2_get_profile,9
tweet_retweets,9
products_v2_list_recommended,9
top_paid_ios_apps,9
nft_news,9
api_v1_addresses,9
get_geocoding,9
free_games,9
properties_get_hotel_photos_deprecated,9
get_team_schedule,9
rental_ratings,9
weather_report,9
actors_get_all_images,9
get_news_from_one_news_source,9
iso,9
get_advisories_by_vendor,9
type_parent_get_highest_rated_investments,9
stock_get_annual_avg_div_rate,9
get_current_count,9
playlist_extraction,9
hull_moving_average,9
flights_list_by_airline,9
target_heart_rate,9
canvas_search,9
player_events,9
word_infos,9
nz_decode,9
visa_requirements,9
get_5_year_historical_quarterly_prices,9
user_follower,9
planet_list,9
leagueawaystandings,9
getusers,9
get_taxi_fares,9
get_person_by_id,9
tournament_teams,9
get_1_obter_c_digo_do_chat_code_to_chat,9
get_user_related_profiles_by_user_id,9
list_by_equipment,9
drug_info,9
v1_covid19,9
get_elevation,9
get_d_tails_image,9
video_no_watermark,9
list_all_conversation_turns,9
advanced_chart,9
search_return_flights,9
get_airports_by_city,9
hotel_details,9
datum_conversion,9
price_probability,9
get_company_ads_count,9
bouncer_email_checker,9
chapters_list_paginated,9
get_game,9
municipio_por_c_digo_postal,9
global_result_single,9
text_to_image,9
get_one_anime_by_ranking,9
getmatchesbyteam,9
get_character_skills,9
get_game_lineup,9
listportfolios,9
qualifyingresults,9
get_2_convert_endpoint,9
regions,9
webcams_list_country_country_country,9
track_package,9
carriers_detect,9
superoffer,9
email_qr_code,9
convert_date,9
teamplayers,9
volume_from_to_number,9
get_a_random_quote_tagged_by_a_specific_tag,9
hashtag_metadata_information,9
getcompetitionsid,9
get_post_by_id,9
replies,9
tournament_info,9
carbonfootprintfromcartravel,9
getgamelevel,9
random_quote,9
reddit,9
vin_decoder_standard,9
review,9
income_statement,9
event,9
get_subcontrol_by_control,9
top_grossing_games,9
youtube_topviews_artist_nationality,9
get_movies_by_director,9
get_gas_price,9
titles_id,9
get_car_models,9
retrieve_active_loans_offers,9
user_likes_by_userid,9
jokes_random,9
getting_data,9
flightstatistics,9
staticmaps,9
tournamentnextmainevents,9
categorize_website,9
getmoviestatus,9
search_roman_god_by_name,9
welcome,9
get_vessels_by_ship_name,9
highlights,9
teamtournaments,9
ufc_fight_night_rozenstruik_vs_almeida_may_13_2023,9
check_similarity,9
cash_flow_statement,9
nearby_google,9
fueltoco2e,9
properties_get_running_costs,9
scan_headers,9
latest_exchange_rates,9
get_token_price,9
get_ticker_for_specific_coin,9
photo_from_given_number,9
company_info,9
tvl_protocol,9
get_realtime_volume,9
assetbyid,9
get_coin_markets,9
clubs,9
hashtagmedias,9
get_forecastdata_by_lat_lon,9
companies_id_jobs,9
transaction,9
companies_id_financials_exists,9
tts,9
airports_by_keyword,9
get_individual_news_sources,9
getweatherforecast,9
get_quotes_by_source,9
products_id,9
search_memes,9
getcountrybynumber,9
planet_vector_tiles,9
post_details,9
get_highlight_by_id,9
user_post_videos,9
top_property_managers,9
actors_get_awards_summary,9
time_zone_converter,9
risk_free_rate,9
feeds_list_similarities,9
major_league_soccer_standings,9
gettalks,9
get_3_fluctuation_endpoint,9
symbols_get_peers,9
airport_arrivals,9
piercing_line,9
discounted_cash_flow_models_dcf_s,9
type_portfolio_get_asset_allocation,9
caiso,9
get_movies_by_year,9
get_rsi_by_pairs,9
gas_price,9
leagueplayersstatistics,9
get_quote_by_id,9
user_medias,9
crypto_convert,9
registration_check,9
rarity_tools,9
getpowerplantbyradiusandgps,9
searchplayer,9
hijos,9
get_ico_calendar,9
get_asn_by_country,9
nhl_score_board,9
canvas_titles_get_recommend,9
addresses,9
sign,9
gethomepage,9
feed_by_username,9
team_roster,9
season_episodes,9
get_quotes_by_specific_category,9
profile_igtv,9
seasonal_market_statistics_points,9
v1_stars,9
geocode_v1_json,9
users_favorite_get,9
serp,9
v1_caloriesburned,9
webcams_list_exclude_webcamid_webcamid,9
blockchain_info_summary,9
business_units_search_by_domain,9
get_a_specific_team,9
get_1_3_add_working_days,9
student_property_to_rent,9
get_current_status_for_given_flag,9
liquidation_data,9
food_names_and_ids,9
companies_id_people,9
hashtag_metadata_information_v2,9
get_random_quotes,9
stars_get_image,9
fetch_chapters,9
get_user_follower_list,9
address_code,9
hourly,9
fetch_movies,9
ministerio_espec_fico,9
address_inclusion,9
trends,9
get_videos_by_channel,9
get_sample_businessprofile,9
us_ak,9
getrandomquote,9
check_user_exists,9
game_matrix_gamepk,8
prematch_event,8
fighter,8
consumers_detail,8
get_likecounts_by_itemids_styleids,8
leaguetotalteamevents,8
qr_code_image_generator,8
playstationdeals,8
get_chapter_by_bookname,8
game_odds_by_site_schedule,8
get_recipes_details,8
code_postal_par_code,8
get_artist_overview,8
vin_decoder_basic,8
user_data_by_name,8
user_likes,8
search_text,8
get_quotes_by_genre,8
premium_daily,8
team_image,8
ultimateoscillator,8
get_workout_plan,8
dictionary_examples_temporarily_unavailable,8
getstatus,8
v1_ownersearch,8
list_users,8
hashtag_feed_video_posts,8
search_by_weight,8
tweet_retweeters,8
get_basic_details_dp,8
getfscore,8
nowcast,8
freedomain,8
get_movies_by_name,8
restaurants_v2_auto_complete,8
domain_detail,8
keywordsearch,8
consulta_receita_federal,8
download_states,8
symbols_get_profile,8
cinemas,8
file_digest,8
random_credit_card_by_id,8
series_get_news,8
states_list,8
staffs_list_by_club,8
getgamecontent,8
riddle_by_id,8
stays_properties_detail,8
get_qoute,8
get_ratings_by_restaurant,8
emoji,8
mama,8
get_info_by_city,8
places_v2_list_by_map,8
music_information,8
list_replies_by_comment,8
get_video_info,8
get_expired_certs,8
business_slogan,8
risk,8
list_of_cities_in_one_country,8
search_by_engine,8
image_to_text_ocr,8
trending_with_pagination,8
message_send,8
hotel_reviews,8
food_api,8
search_by_title,8
check_domain_info,8
ufc_287_pereira_vs_adesanya_2_april_08_2023,8
get_1_autocomplete,8
matches_get_leanback,8
recordcount,8
airplanes_ordered_by_descending,8
active_listings,8
gethospitalsbyname,8
teamnextmatches,8
skill_child,8
fight,8
rip,8
get_user_metadata,8
shorts_sequence,8
retrieve_response,8
gera_mapa_dos_arredores,8
video_related_contents,8
search_users,8
search_twitter,8
live_events,8
event_details,8
getthelistofcountriesregistered,8
us_ky,8
list_by_body_part,8
latest_contracts_for_symbol,8
matchstreakodds,8
getmusiclenses,8
webcams_list_region_region_region,8
location_info,8
gettimezone,8
year_fractions,8
api_userinfo,8
single_strain,8
netherlands_songs,8
single_dog_breed,8
query_by_fsa_code,8
periodic_table,8
generar_fhir_id_qr,8
getdirectdebitinitiationinstruction,8
timezone_by_id,8
fedora_image_fedora_get,8
get_sign_hexagram,8
get_5_latest_endpoint,8
profile_image,8
evaluate_expression,8
get_car_specs,8
get_expressions,8
pair_id,8
aliexpress_store_info,8
check_if_text_contains_profanity,8
news_list_flash,8
series_get_players,8
ufc_fight_night_song_vs_simon_april_28_2023,8
stock_get_key_statistics_data,8
logo,8
get_latest_activity_by_id,8
get_misinformation_score_account_twitter_account_get,8
type_price_get_other_fees,8
analyze,8
prediction,8
latest_observations,8
linecount_linecount,8
get_individual_articles,8
bin_iin_lookup,8
article_page,8
ufc_fight_night_vettori_vs_cannonier_june_17_2023,8
gen_image,8
stateusaprice,8
remove_profanity,8
specs_v1_tier1,8
get_tamil_calendar_date,8
bullish_harami,8
entertainment,8
application_details_by_id,8
get_artist_albums,8
simple_qr_code,8
list_movies,8
images_search,8
getspecialcompetitionview,8
keyword_search_at_coordinate_point,8
app_reviews,8
user_feed,8
get_weekly_popular_books_by_genre,8
downalods_hotels,8
emailverifications,8
get_country_by_id,8
wnba_box_score,8
daily_match_list_results,8
rates,8
bans_esports,8
profile_info,8
get_specific_insult,8
get_specific_event_information,8
music_info,8
birthday,8
pagesjaunes,8
get_a_conversation,8
get_detailed_response,8
get_zip_code_in_mexico,8
singleoffer,8
purgequeue,8
qualifying_results,8
getmatchesbycity,8
get_schedule,8
marketdata,8
matchincidents,8
query_for_city_names_by_state,8
stock_v2_get_mini_chart_realtime_data,8
search_gifs,8
get_username_by_user_id,8
get_lexical_field,8
responses_from_a_question,8
get_an_answer,8
jsrf_character_by_id,8
institutional_holders,8
v1,8
get_6_month_historical_daily_prices,8
all,8
poor_backlinks,7
coin,7
getgamelist,7
get_user_following_list,7
get_individual_news_from_source,7
v1_convertcurrency,7
top_artists,7
find_by_address,7
hoscoscope,7
bodyfat_imperial,7
ec,7
billboard_global_200_year_end,7
strain_type,7
asoy,7
isbehindcdn,7
get_analytics,7
key_statistics,7
email_checker,7
get_all_data_on_an_establishment_by_restaurant,7
v1_aircraft,7
geocoding,7
charts_chain,7
get_job_by_task_id,7
get_9gag,7
test,7
wnba_play_by_play,7
generate_shield,7
titles_seasons_seriesid,7
getrandomword,7
all_crypto,7
streams_investor_relations,7
get_crime_rates_by_zip,7
codepoint,7
get_draw_result,7
city_details,7
pagesblanches,7
api_analyze,7
filter_fats,7
user_feed_video_posts_v2,7
trending_feed_video_posts_v2,7
get_streamer_info,7
searchentries,7
downloadminecraftjson,7
get_open_profile_status,7
live_giveaways_by_platform_type_sorted,7
get_pictionary_word,7
analyze_v2,7
web_snapshot,7
searchcontent,7
drink_by_id,7
crypto_info,7
instagram,7
get_current_weather,7
get_teams_and_players,7
playerstatisticsseasons,7
getlocationinfobyzipcode,7
event_data,7
red_colour_qr_code_generator,7
v1_post_post_id_comments,7
players,7
memre_api_v1_users_user_id_learning_stats,7
get_ascii_by_id,7
house_prices_get_market_activity,7
register_device_information,7
street_level_outcomes,7
products_get_offers,7
get_company_historical_data,7
product_fulfillment,7
fetch_manga,7
solat_time,7
get_product_s_offers,7
v1_reversegeocoding,7
getprojectsbytopic,7
get_live_streams_livestreamid,7
get_random_joke_by_category,7
trims,7
todas_as_moedas,7
house_prices_get_points_of_interest,7
venue_search,7
feeds_by_secuid,7
get_a_list_of_suburbs,7
get_train_live_status,7
getzipcodebycity,7
get_team_passing_data,7
cars,7
linearregintercept,7
stock_v2_get_financial_details,7
retrieving_a_contract,7
getteams,7
highlight_items,7
stock_get_net_income,7
getbymonth,7
bus_trolley_locations,7
teams_get_results,7
auto_complete_deprecated,7
get_location_infomation_by_zipcode,7
by_state_city,7
search_by_coordinates_point,7
get_markets_of_coin,7
getlistbyedinetcode,7
stock_v2_get_risk_rating_breakdown,7
stock_get_statistics,7
spac_sec_filings,7
query_for_city_boundary_by_name,7
stock_get_total_revenue,7
mediainfo,7
address_autosuggest,7
getpopulationbycountrycode,7
nhl_picks,7
related,7
movies,7
extract_entities,7
search_single_postcode,7
getcountriesbycontinent,7
query_for_postal_code_boundary_by_location,7
played,7
reviews_list_best,7
au_car_averages,7
get_continent_by_id,7
community_post_comments,7
treeequivalent,7
get_company_jobs_count,7
email_endpoint,7
settag,7
search_sex_offenders,7
soil_data_by_lat_lng,7
read_a_link_or_token_by_its_id,7
advance_profile,7
get_index_price_kline,7
place_details_google,7
artist_details_single,7
yearly_balance_sheets,7
states_details,7
v1_holidays,7
transform_units_using_the_get_method,7
bet365_upcoming_events,7
provider,7
schedules,7
get_the_addresses_by_ip,7
get_country_population,7
v1_weather,7
sentiment,7
schedules_list,7
methane_endpoint,7
get_profile_recent_activity_time,7
age_calculator,7
weather_dataset,7
state,7
veiculo_tipo_id_marca_id_modelo,7
ip_address_lookup,7
get_food_by_id,7
reverse_php,7
search_hashtag,7
get_car_data,7
detailed_cocktail_recipe_by_id,7
verify_an_email,7
user_by_username,7
sizes_all_countries,7
market_get_full,7
models_by_make_id,7
get_price_info_for_word_count,7
get_tides_for_a_station,7
check_phone_number,7
download_cities,7
get_new_releases,7
top_free_ipad_apps,7
price_all,7
airplanes_ordered_by_ascending,7
get_hebrew_month,7
zones_type_zoneid_forecast,7
getcertdetails,7
recent,7
services,7
getlenscreators,7
list_of_all_countries,7
get_6_timeseries_endpoint,7
qr_code_image_copy,7
profile_stories,7
airqualityhealthindex,7
get_new_hashtags,7
get_a_language,7
swap_id,7
stock_get_dividend_yield,7
top_comments_by_username,7
list_of_periods,7
eventlineups,7
google_maps_data_id,7
get_names,7
riddle_by_keyword,7
nhl_standings,7
gedetailedtinsiders,7
air_quality_measurements,7
response_by_quizid,7
biggest_cities,7
bet365_result,7
busca_por_simbolo,7
get_scan_id,7
imperial_pounds,7
get_countries_by_sport,7
crimes_at_location,7
getzip,7
peers,6
get_post_comments,6
converter,6
rental_amenities,6
get_a_list_of_states,6
ufc_fight_night_kara_france_vs_albazi_june_03_2023,6
gamesdata,6
check_email_server,6
price_by_symbol,6
getteamroster,6
stagedetails,6
daily_match_list_scheduled,6
us_fl,6
artists_search,6
tz_lookup_by_location,6
get_the_next_dividend_payout_date,6
get_reply_comment_by_id,6
zip_code,6
compatibility,6
get_desserts_by_there_id,6
get_latest_price,6
gettrendinglenses,6
get_artist,6
scraper,6
bodyfat,6
get_exercises,6
steam,6
v1_dictionary,6
calendars_get_economic_calendar,6
keyword_search_at_coordinates,6
getbookcoverimage,6
user_videos,6
getupdates,6
get_mark_price_kline,6
get_locations,6
inplay,6
stock_splits,6
ema,6
random_post_by_id,6
trending_gifs,6
get_all_brands,6
get_verse_by_bookname,6
genericname,6
validate_domain_or_email_address,6
africa,6
recipe_search_and_recommendations,6
daily_water_intake,6
obtain_a_new_datacenter_proxy,6
leaguetotalstandings,6
aroon,6
rocp,6
cities_states_stateisocode,6
get_game_statistics,6
user_aliases,6
get_cards,6
stock_get_stat,6
tournament_fixture,6
get_weak_certs,6
receive_the_credit_card_data,6
validate_a_token,6
search_for_a_champion,6
type_parent_get_recent_investment_rating_change,6
study_list_macquarie,6
movies_id,6
timezones,6
places,6
countiessearchinboundingbox,6
country_specific_country,6
get_movie_id_by_title,6
stock_balance_sheet,6
years,6
data_by_id,6
leagues,6
zipcodesbyids,6
executives,6
get_synthesize,6
stock_information,6
v1_historicalfigures,6
get_job_status,6
domain_name,6
year_end_hot_100_songs,6
veiculo_tipo,6
teams_standings_short,6
suggest_region,6
mapimage,6
hex_to_hsv,6
ideas_get_view_count,6
v1getfundlatestprice,6
team_stats,6
generate_a_random_word,6
retrieve_specific_queue_time,6
search_exact_phrase_api,6
laptops,6
data_country,6
v1_dadjokes,6
validate_email_address,6
country_details,6
brazil_songs,6
temp_upload_urls,6
sar,6
top_posts_by_username,6
companies_balance_sheet_statements,6
translate_to_old_english,6
get_city_detail,6
latest_information_for_symbol,6
get_vessel_photo,6
get_by_decade,6
show_moves,6
get_word_by_start_and_contain,6
results_by_date,6
detect_offensive_message,6
stays_auto_complete,6
offers,6
languagedetection,6
top_players_by_royal,6
suggest,6
list_all_categories,6
triage_virtual,6
etsy,6
bestbuyproductdata,6
us_ca,6
get_latest_quote,6
web_exchanges,6
media_info,6
protocols,6
list_of_games,6
stagesubstages,6
pressure_from_to_number,6
sha_text_hash,6
getpeoplebytopic,6
get_greet,6
time,6
consulta_cep,6
search_by_url,6
three_hourly,6
v1_hashtag_posts_hashtag_id,6
search_places,6
extract_sitemap_xml_as_json,6
leaderboard,6
list_top_tracks,6
lists_tweets,6
v1_profanityfilter,6
companies_id_data,6
soundcloud,6
levels,6
detalhes_empresa,6
stock_get_stock_earnings_data,6
get_quotes_by_character_name,6
province,6
get_profile_data,6
properties_list,6
show_image,6
getbookbyid,6
dev_to,6
get_hebrew_date,6
ublacklist_txt,6
v1_thesaurus,6
etablissement_par_ridet,6
get_half_staff_events_for_given_flag,6
bookrestaurant,6
trending_games,6
get_date_and_time_by_timezone,6
graffiti_tags,6
feeds_list,6
mensajes,6
uuid_to_name,6
artis_info,6
account_transaction_count,6
get_chapter,6
get_the_forecast,6
search_related_sites,6
stations_stationid,6
retrieve_tokens,6
get_tile_json,6
find_places,6
get_manga_by_id,6
generate_cc_number,6
titles_id_crew,6
streams_symbol,6
balance,6
nearest_stations,6
retrieve_the_hardiness_zone,6
type_portfolio_get_credit_quality,6
get_5_history,6
fast_language_detection,6
search_location_by_name_or_zip_code,6
live_giveaways_by_type,5
estimated_salary,5
teams_affiliates_teamids,5
get_user_tweets,5
country_region_cities,5
get_event_detail,5
get_beverage_by_there_id,5
tanggal,5
stock_key_statistics_stock,5
get_a_specific_employee_by_employee_id,5
scrape_links,5
conversion,5
search_place_id_api,5
alerts_active_zone_zoneid,5
wikipedia,5
top_posts_by_subreddit,5
matches_v2_list_live,5
trim_view,5
goal_analysis_goal_minutes_in_between,5
top_popular_posts,5
get_region_details,5
time_zone_time,5
search_location,5
get_lottery_result_by_date,5
get_1_3_add_working_hours,5
year_end_billboard_200_albums,5
get_pricing,5
search_zip_codes_in_mexico,5
getchannelplaylists,5
open_interest,5
rsi_overbought,5
search_by_company_name,5
amazonproductreviews,5
get_user_media_by_user_id,5
webcams_list_property_property_property,5
swift_codes_by_country,5
aircraft_scatter_data,5
getphonesbybrandid,5
district_detail_of_specific_division,5
example,5
get_the_stock_history_by_exchange_code_and_stock_code,5
commanderskills,5
current_air_quality,5
list_all_models_by_phone_brand,5
get_all_social_spikes_by_coin_name,5
under_over_analysis,5
search_shops,5
view_user_list,5
originals_titles_get_recommend,5
fetchlatestnav,5
new_ios_apps,5
v1_salestax,5
get_user_activity_pins,5
get_profile_info,5
search_translations,5
cleanhydrotocarbonfootprint,5
exact_url,5
get_post_data_download_video_photo,5
recommendations,5
top_ranking,5
get_jokes_by_specific_category,5
get_screenshot_version_ecoindexes_id_screenshot_get,5
games_by_category_or_tag,5
v1_inflation,5
map_image_get,5
news_search,5
standings,5
get_items_ids_by_query,5
competitions_list_default,5
france_songs,5
shakespeare,5
flights_list_in_boundary,5
us_dc,5
geogrid_seach_with_ranking,5
tweet_favoriters,5
seasonal_goal_analysis_goal_minutes,5
kline_candlestick_data,5
retrieve_bids,5
schedule_by_date,5
getdomaintech,5
get_random_word,5
bilingual_dictionary,5
exclusiveness_callerid,5
breweries,5
tag_search,5
inverted_hammer,5
recent_exchange_rates,5
tournament_matches_by_date,5
straddle,5
retrieve_group_results,5
full_data,5
single_airplane,5
videocategories,5
topic_news_by_section,5
get_live_games,5
getcountrycode,5
dinner_ingredient,5
icecream_ingredient,5
get_fuel_economy_information,5
get_2_stockdetails,5
search_social_links,5
validate_card_number,5
tickerdata,5
search_author,5
ip,5
get_coin_issuance_blockchains,5
crypto_symbols,5
form,5
convert_rgb,5
v1_airports,5
hex_to_rgb,5
last_year_summary,5
minmax,5
calendar_events,5
placessearchinradius,5
video_comment_replies,5
get_u_58_athlete_ranking,5
get_characters,5
headtoheadmatches,5
get_image,5
get_coin_supply,5
v1_timezone,5
slovakia_songs,5
txt,5
raceresult,5
get_token_forwarding_transactions,5
github,5
tournamentdetailsbyid,5
getinfo,5
top_holders,5
keyword_research_api,5
get_mp3,5
get_details_of_a_news_item,5
generate_pdf,5
leagueseasoninfo,5
search_a_place,5
usuarios,5
appetizer_ingredient,5
stock_v3_get_profile,5
check_wordpress,5
retrieve_collection_pricing_chart,5
check_movie_status,5
public_holidays,5
leaguemedia,5
areas_id,5
get_specific_ayah_verse,5
generatequiz,5
trending_feed_video_posts,5
businessplan,5
retrieving_a_collection,5
get_quote_of_the_day,5
get_available_job_titles,5
getzipcodebycounty,5
nearby_stores,5
fetch_email_of_a_person,5
u_k_songs,5
user_by_screen_name,5
timeline,5
get_reel_by_shortcode,5
currencies,5
statistics_esports,5
api_v1_beyblades,5
get_post_likes,5
checkthatphone,5
events_detail,5
getportfolioinfo,5
getbycordsadv,5
get_place_by_my_ip,5
get_movie_reviews_by_id,5
title_title_abs,5
stations,5
get_product_reviews,5
search_properties_for_sale,5
user,5
clubs_get_header_info,5
get_episode_downloadable_audio,5
hin_decoder_return_json,5
search_for_a_item,5
date_converter_timezone,5
rapidapigetforecastsummarybycoordinates,5
gs1code128,5
following_by_pk,5
leagueoverallpergametopplayers,5
house_prices_get_sales_history,5
get_free_games,5
user_stories_by_username,5
get_verses_by_bookname,5
api_nutrition_data,5
area_flag,5
get_individual_news_from_source_news,5
list_all_platforms,5
get_specific_player,5
emailverifier,5
get_a_specific_quote,5
search_tweet,5
get_generations_by_model_id,5
get_all_motivational_pictures,5
match_summary,5
heroes_data,5
transaction_id,5
get_device_asset_by_identifier_copy,5
music_videos,5
get_all_models_by_brand_and_family,5
get_channel_links,5
top_grossing_mac_apps,5
user_details,5
match_play_by_play,5
get_word_by_length,5
youtube_keyword_search,5
sentences,5
teams_get_transfers,5
weight_category,5
makes,5
get_user_by_gender,5
highway_type,5
get_laws_for_one_state,5
get_novel_by_id,5
get_contacts,5
real_time_hashtag_search,5
top_paid_mac_apps,5
retrieving_events,5
person,5
classification,5
mass_from_to_number,5
get_random_user,4
stock_insider_holders_stock,4
qnas_list,4
greatest_of_all_time_hot_100_songs,4
now,4
tokenize,4
get_beers_by_single_country,4
news_list_by_ticker,4
all_keto_recipes_by_category,4
filter_protein,4
hashtag,4
get_1_3_analyse,4
interior_colors,4
search_for_recipes,4
dictionary_synonyms_temporarily_unavailable,4
filter_calories,4
leaderboards,4
readmail,4
reverse_search_by_image,4
places_list_by_radius_nearby_search,4
get_specifications_by_custom_id,4
maclookup,4
wnba_team_info,4
recitations_by_juz_number,4
strongs_number_detail_api,4
days_from_date,4
get_trend_keyword,4
fastsearchfull,4
get_best_player,4
station_information,4
search_leaderboard,4
il,4
packages_v2_track,4
list_comments,4
titles_with_changed_sources,4
double_name_medium,4
custom_die,4
search_emails,4
footballersbyname,4
v1_mortgagecalculator,4
build_word_ladders,4
search_music,4
advisory_information,4
analyst_ratings_us_equities,4
v1_nutrition,4
get_invite_data,4
get_coordinates,4
market_get_price_chart,4
market_get_ipo_center,4
get_sender_id,4
markets_equities_groups,4
get_a_specific_movie_by_id,4
list_of_districts,4
category,4
whois_history_v1,4
list_playlist_tracks_and_episodes,4
get_token_balance,4
get_the_stock_history_by_code,4
goal_analysis_scoring_first_in_between,4
medprice,4
symbol_order_book_ticker,4
get_individual_result_by_id,4
get_antonyms,4
middle_east,4
aliexpress_item_shipping_detail,4
daily_horoscope,4
newspaper_company_filter_for_news,4
telegram_channel_info,4
get_language_by_id,4
constructors_standings,4
v1_geocoding,4
premier_league_standings,4
searchcnit,4
get_exchange_pairs,4
api_v1_beyblades_id,4
shows_id_episodes,4
viewoverallscreeningresult,4
tokens_all_market_cap,4
get_currency_by_name,4
peer_ratio_averages,4
star,4
financial_income_statement,4
competitions_get_short_info,4
disposable_domain_and_suggest_domain,4
validatetest,4
find_zip_codes_by_city,4
series,4
get_bank_info,4
stock_get_fund_profile,4
albums_get_details,4
retrievepornstar,4
player_stats_by_id_and_year,4
convert_get_symbol,4
get_hebrew_month_and_date,4
normalize,4
view_profile_picture,4
get_the_current_stock_by_exchange_code_and_stock_code,4
get_sessions,4
matches_v2_get_pregame_form,4
leaguelogoimage,4
get_scrabble_score,4
market_data,4
fish_api_group,4
lottery_results_by_date_id,4
get_info_from_vin,4
forex_intraday,4
getmentions,4
gethardquestion,4
pursuit,4
teams_detail,4
player_heatmap,4
revise,4
convert_planet_angle_to_planet_degree,4
search_for_joke,4
eventdetails,4
get_skin_from_uuid,4
g_olocaliser_les_partenaires,4
random_credit_card,4
get_by_common_name,4
user_groups_list,4
phone,4
states,4
falling_three_methods,4
rising_popular_posts,4
obtener_cp,4
job,4
top_free_mac_apps,4
query_for_hexagon_by_h3index,4
live_players_rankings,4
top_grossing_ios_apps,4
phone_number_information,4
articles,4
listing_details,4
nhl_team_players,4
canvas_episodes_get_info,4
ip_netblock_v2,4
politicians,4
consulta_por_cnpj,4
search_books,4
crops_list,4
search_api,4
vin_decoder_extended,4
v1_facts,4
query_races,4
get_the_yield,4
top_music,4
domainsearch,4
getfutureeventsbytopic,4
get_all_teams,4
head_to_head,4
getfunctionsbytopic,4
get_random_fact,4
convert_from_one_unit_to_another,4
restaurants_v2_list,4
list_specific_qr_code,4
get_geolocation_data,4
get_district_capital_by_id,4
getstatsbymonth,4
get_from_eztv,4
featuredtournamentsevents,4
locations_search,4
get_religions,4
adosc,4
validate_phonenumber,4
price_forecasts,4
youtube_emb_link,4
athlete_large_image,4
get_response,4
v1_sources,4
get_distance_in_km,4
download_airports,4
dna2aminoacid,4
get_user_followings,4
get_cast_by_id,4
currency_exchange_rate,4
company_search,3
get_meta_data,3
google_maps_reviews,3
downloadminecraftjarchecksum,3
indexes_intraday,3
getteamstats,3
get_a_random_color,3
get_funding_rate_history,3
get_realtime_rates,3
iplookup,3
get_geocoding_with_videos,3
originals_episodes_get_likes,3
get_daily_influencer_posts_by_coin_ticker,3
ilod_status_ilod_ticket_get,3
v1_music_music_id,3
calendars_get_earning_calendar,3
leaguelastmatches,3
getmusic,3
leaguegroups,3
market,3
get_media_links,3
get_clips,3
get_region_info,3
area_code,3
web_pair_details,3
stock_get_dividends_splits,3
channels_data,3
basic_daily,3
related_videos,3
bin,3
get_entire_surah_chapter,3
get_posts_from_page,3
cities_search,3
query_joke_using_id,3
validate,3
search_challenge,3
get_user_replies,3
financial_balance_sheet,3
yearly_cashflow_statements,3
street,3
fixtures_by_team,3
time_zones,3
get_countrywise_city_data,3
get_stream_game_name,3
url_analysis,3
match_team_statistics,3
stock_institution_ownership,3
company_details,3
nhl_schedules,3
sponge_bob,3
movie_details,3
type_sustainability_get_product_involvement,3
get_individual_bitcoin_news_sources,3
retrieve_collections,3
stock_v2_get_short_interest,3
full_grid_search,3
investor_grades,3
carrier_endpoint,3
balance_sheet,3
recommendation_trends,3
searchoffers,3
hot_trending_songs_powered_by_twitter,3
news_get_details,3
get_video,3
get_profile_by_slug,3
get_single_item,3
apgar,3
generate_document_cover_letter,3
get_horoscope_multilingual,3
generate_litecoin_wallet,3
web_exchange_details,3
get_country_by_fifa_code,3
getproductbyid,3
consumers_get_reviews,3
fetch_track_details,3
get_economic_calendar_news_over_a_period_of_time,3
get_all_videos,3
get_train_schedule,3
charts_track,3
pair_strength,3
fetch_business_data,3
address_reverse_geocoding,3
growth_estimate,3
get_album_metadata,3
points_point_forecast,3
by_city_name,3
getfaqs,3
footballersbyclub,3
searchcountries,3
domainstatus,3
i18nregions,3
get_company_domain,3
seasonal_goal_analysis_conceding_first,3
elhighlights,3
list_accounts,3
teams_get_tournaments,3
national_team_statistics,3
top_paid_apps,3
movie_suggestions,3
get_related_questions,3
salad_ingredient,3
zipcode,3
get_individual_bank,3
get_1_3_get_info_day,3
get_calendar_components,3
convert_currency,3
get_manga,3
walk_transit_and_bike_score,3
v1_historicalevents,3
global_players_statistics,3
ufc_fight_night_dern_vs_hill_may_20_2023,3
list_top_artists,3
stock_get_histories,3
get_channel_leaderboards,3
v4_sports_sport_scores,3
top_grossing_ipad_apps,3
leaguelogo,3
get_vehicule_info2,3
ticker_changes,3
stock_quote_price,3
web_pdf,3
place_properties,3
get_all_scores,3
listing_availability,3
subtitlelist,3
leagueoveralltopplayers,3
traveling_salesman,3
gettspmatches,3
get_all_match_play_today_by_competitions,3
production_years_by_model_id,3
locations_v2_list,3
feeds_auto_complete,3
download_zip,3
jokes_search,3
matchstatistics,3
show_character,3
get_all_channel_infos,3
hin_decoder_return_html,3
getcodecontent,3
products_v2_list,3
cities_in_a_state,3
singapore_songs,3
find_food_by_id,3
send_a_word_to_check,3
search_zip_codes,3
mic_lookup,3
drakelikehate,3
us_ia,3
account_balance,3
coins_get_news,3
offerinfo,3
game_details,3
tweets_by_userid,3
earnings_estimate,3
calc,3
v1_latest_headlines,3
rentalizer,3
fetch_restaurant_information,3
app_news,3
messages_from_telegram_channel,3
kda_calculator,3
v1_feed_recommended,3
mfs_family_list,3
get_individual_news_source_news,3
get_the_continents,3
get_all_app_keys,3
letters,3
job_details,3
get_campaign_from_url,3
object_detection,3
swift_code,3
products_types_typeid_locations,3
domain_information,3
stock_v2_get_valuation,3
alerts_and_jams,3
check_text,3
mrna2aminoacid,3
cashflow,3
get_event_logs_filtered_by_topic,3
equity_intraday,3
get_1_3_list_non_working_days,3
get_user_id,3
detik_search,3
getmanufacturervalues,3
hot_products,3
rate_word,3
get_weather,3
stock_get_financial_data,3
financial_cash_statement,3
keyword_search,3
web_search_api,3
texts,3
matches_v2_list_by_league,3
angle_from_to_number,3
v1_verify,3
list_podcast_episodes,3
get_animes,2
stock_v2_get_trading_information,2
google_videos,2
list_album_tracks,2
marketbyid,2
wnba_schedule,2
referents,2
get_reel_by_media_id,2
emailverification,2
color_to_picture,2
getphonedetails,2
bmi_imperial,2
stocks_get_financials,2
get_all_teas,2
measure_units,2
getcodeplaygroundlink,2
hotels_search,2
get_media_info,2
filter_prep_time_in_minutes,2
random_google,2
result_statistics,2
get_indivisual_news_source_news,2
v1_passwordgenerator,2
calculate_repayment_schedule,2
get_raster_tile,2
keywords,2
v1_convert,2
session,2
feeds,2
comment_list,2
forex_history_data_deprecated,2
vin_decode,2
getlivenow,2
patreon,2
macd_crossover_down,2
get_models_by_make_id,2
recent_trades_list,2
convert_a_unit,2
game,2
manufacturing_year_detection,2
soil_history_data,2
view_sms_history,2
product,2
search_company_by_name,2
get_all_imbuements_items,2
latest_in_chosen_currency,2
user_stories_by_pk,2
list_transactions,2
find_zip_codes_by_city_and_district,2
kompas_search,2
get_5_day_historical_daily_prices,2
list_of_markets,2
leagues_v2_get_table,2
syntax_status_syntax_ticket_get,2
get_store_info,2
get_phone_image_ids_by_custom_id,2
get_private_keys,2
consulta_cadastro_de_contribuintes,2
mediterranean_ingredient,2
get_coin_price,2
get_financial_time_series_daily,2
sport_translations,2
search_all_players,2
get_result_from_category,2
dark_cloud_cover,2
getgames,2
transfers_list,2
ar_by_city_state,2
location_information,2
get_7_latest,2
get_author_information_by_id,2
get_pregame_form,2
seasonal_statistics_goals,2
find_by_title,2
get_predictions_performance_statistics,2
get_6_daily,2
show_movie,2
lyrics_get,2
email_format,2
fetch_information,2
fetch_images,2
coins_get_analysis,2
trending_music_gaming_news_movies,2
about,2
user_friends_list,2
get_imbuements_for_lich_shroud_death_protection,2
channel_videos_playlists,2
aliexpress_item_detail_simple,2
downloader,2
placessearchinboundingbox,2
case_record,2
cake_ingredient,2
playerimage,2
coins_get_overview,2
get_airports,2
team_streaks,2
api_v1_fastings,2
file_content_type,2
ecoweather,2
custom_captcha,2
jsr_characters,2
get_user_tagged_media_by_user_id,2
get_product_reviews_all_countries,2
totd_tracks_by_date,2
driver_standings,2
list_all_pokemons,2
get_stats,2
mensajes_1,2
search_quotes,2
kanji_stroke_number,2
getgamesbytopic,2
companies_profile,2
peer_metrics_average,2
get_watches_from_reference_number,2
getbystock,2
get_coin_metrics_by_ticker,2
v2_user_affiliates,2
jsrf_characters,2
md5_text_hash,2
aliexpress_store_item_search,2
get_offers_by_watch_id,2
username_to_uuid,2
lunch_ingredient,2
get_a_random_quote_from_a_specific_book,2
artists_get_latest_release,2
mouldinformation,2
annotation_versions,2
leagueseasons,2
get_word_by_length_start_and_contain,2
mrna2dna,2
agent_s_active_listings,2
get_all_verse_of_chapter_by_chapter_id,2
search_airport,2
getmindfulnessquote,2
getlearningresources_topic,2
retorna_dados_do_endere_o_atrav_s_do_cep,2
get_search_suggestions,2
qr_code_gen,2
etablissements_d_une_entreprise,2
search_nearby,2
get_token_price_history_between_dates,2
shorts_sound_attribution,2
snap_to_road,2
distance,2
get_quotes_by_anime_title,2
organic_results,2
coins_get_historical_data,2
aliexpress_item_detail_3,2
tangga_lagu,2
game_predictions,2
eomonth,2
macronutrient_distribution,2
team_schedule,2
feed_hot,2
gera_comprovante_rfb,2
get_exchange_rate,2
website_url_qr_code,2
v1_aggregation,2
list_of_available_currencies,2
search_in_area,2
estimate_ownership_cost,2
verse_range_api,2
check_usernames_on_all_platforms,2
web_page_lookup,2
get_zip_info,2
rent_zestimate_and_comparable_properties,2
getaccount,2
success_quote,2
current_snow_conditions,2
stock_v2_key_stats_get_operating_efficiency,2
get_last_5_economic_calendar_news,2
titles_id_aka,2
ip_to_location,2
suggested_videos,2
one_call_api,2
search_result,2
child_comments,2
get_imbuements_for_precision_distance_skillboost,2
get_detect,2
user_contributions_transcriptions,2
format,2
get_chapter_details_by_id,2
industries_list_best_performing,1
get_team_roster,1
food_info,1
search_autocomplete,1
logo_api,1
companies,1
topic_headlines,1
captions_list,1
get_category,1
search_philosopher_by_name,1
gettodaysforecast,1
sendsms,1
cities_v2_get_measurements,1
seasonal_goal_analysis_scoring_first,1
get_team_transfers,1
validate_username,1
temperature_from_to_number,1
symbol,1
ranking_current,1
comments_get,1
searchzodiacbysign,1
userinfo,1
alldetails_185_225_233_110_30015,1
search_for_a_word_in_quran,1
get_other_position,1
list_of_leagues,1
creditcards,1
pinterest,1
get_from_piratebay,1
get_news_from_a_specific_source,1
get_referral_domains,1
top_artists_duo_group,1
format_number,1
asset_markets_by_id,1
tokens_all,1
select_race_based_on_id,1
list_playlist_videos,1
user_feed_video_posts,1
stock_get_asset_allocation,1
banks_by_country,1
validate_cnpj,1
retrieve_trait_offers,1
historical_weather,1
get_standings,1
get_nba_betting_odds,1
loading_speed_data,1
getmaptilewithspanishlabels,1
qr_code_endpoint,1
points_point,1
year_end_billboard_global_200,1
news_from_individual_source,1
matches_v2_get_commentary,1
show_all_series,1
search_agent,1
interests,1
consulta_dados_societ_rios,1
api_assetinfo,1
cars_get_images,1
getfunctions_topic,1
get_deals,1
image_anime_diffusion,1
get_verses,1
series_get_stats,1
v1_search_enterprise,1
list_video_comments,1
words,1
hex_to_cmyk,1
sort_live_giveaways,1
random_joke,1
song_by_id,1
getprofile,1
list_of_memes,1
stock_v2_key_stats_get_overview,1
query_for_ldu_boundary,1
staffs_list_by_competition,1
shorten,1
aliexpress_item_search,1
get_general_game_information,1
searchstation,1
cars_detail,1
getmaptilewithenglishlabels,1
get_wagons_mrt_train_no_wagons_get,1
get_app_reviews,1
get_answer_to_question,1
specific_publication_articles,1
records,1
teams_get_squad,1
between_checker,1
get_annonce,1
evaluate,1
series_get_points_table,1
get_product_details_all_countries,1
trending_charts,1
address_postal_code,1
bsa,1
athlete_trophy_stats,1
locationsuggestions_v2,1
get_block_hash_v2,1
gender_from_name,1
cities_v2_get_information,1
getstatsbyday,1
get_all_motivational_quotes,1
estimate,1
get_all,1
latest_price,1
south_africa_songs,1
get_addresses_by_postcode,1
equity_daily,1
getmaptilewithfrenchlabels,1
hungary_songs,1
minecraft,1
get_favorite_video_by_id,1
comunicado_2,1
country_region_details,1
zones_type_zoneid,1
echo_get,1
gettraining,1
post_comments,1
custom,1
find_by_udprn,1
places_near_place,1
minutely,1
get_stored_word_from_any_category,1
password_generation,1
get_ohlc_history,1
is_sabbath_day,1
telegram_group_info,1
get_exercise_by_id,1
verify_pan_card,1
veiculo_tipo_id_marca_id_modelo_id_modelo_ano,1
api_exist,1
stock_v2_get_analysis_data,1
news,1
get_items_by_query,1
v1_music_posts_music_id,1
listings_by_lat_lng,1
alerts_active_area_area,1
titles_series_seriesid,1
getmodalityvalues,1
getlivemenustreaming,1
recent_match_list,1
text_qr_code,1
net_worth_history_sparklines,1
blake2b_text_hash_with_key,1
streams_user,1
get_all_characters,1
get_team_receiving_data,1
retrieve_asset,1
inasistencias_1,1
stock_v2_get_financials,1
transfers_list_records,1
property_listings,1
fetchaverification,1
get_zipcode_by_city,1
pl_car_averages,1
search_devices,1
search_company_by_email,1
gettoken,1
matches_v2_get_statistics,1
navigations_get_root,1
placebynameandstate,1
leaguerounds,1
leaguetopplayersregularseason,1
get_reference_numbers_of_a_specific_brand,1
filter_china_news_by_newspaper_company,1
leagueeventsbyroundandslug,1
tournamentmetadata,1
au_decode,1
generate_signature,1
download_property_types,1
get_stream_mature_content_status,1
get_user_followers,1
search_jobs,1
stock_get_press_releases,1
stories_detail,1
get_top_tier_stays_filter,1
title_streaming_sources,1
get_username_valorant,1
get_one_set_by_id,1
agencies_list,1
